,Year,PDSI,R
0,800,0.5228043838877623,2.653014074733358
1,801,0.2948734221899201,2.5669473680301134
2,802,0.16960075987687734,2.5196444241697518
3,803,2.7354359298176902,3.4885035092856818
4,804,0.22881305782437028,2.5420029815272547
5,805,-0.43785764719172016,2.290268194779289
6,806,-0.22230562008851706,2.371660617106601
7,807,-1.8797135197751005,1.7458235718566135
8,808,-0.7919196078183507,2.15657443640159
9,809,-6.462846812283893,0.015232931910379117
10,810,-0.43890896920657685,2.289871215699179
11,811,1.7197811525466444,3.104992374264819
12,812,2.4238894488203626,3.3708635914584106
13,813,-0.8863265181688608,2.120926397173518
14,814,0.025752848205227608,2.4653274681428194
15,815,2.500652219616434,3.3998492054821527
16,816,0.2596405400367926,2.553643435506005
17,817,-2.288519065919658,1.5914586414557765
18,818,0.8163493400440693,2.763856618710396
19,819,-3.1511883773231237,1.2657148019466975
20,820,2.068815648719399,3.236787762603671
21,821,5.1657632157158995,4.406194831913368
22,822,3.6565024562439468,3.8362981309272715
23,823,-2.0480251805443412,1.6822691067929088
24,824,-0.8278372040941797,2.14301195589815
25,825,0.4665432441901694,2.6317698744146574
26,826,0.8185084408526507,2.764671894944264
27,827,-0.05656857520645449,2.434242907487303
28,828,1.4601588608778457,3.006959024761805
29,829,0.6335019425285926,2.694813461009521
30,830,-1.6445054753532966,1.8346381042163338
31,831,1.7311489490636318,3.1092848530110224
32,832,1.0322863151419621,2.845394397359237
33,833,-0.5518274277562077,2.2472332178555297
34,834,1.0013111285294822,2.8336981702148587
35,835,-0.4216689644176975,2.2963810396593574
36,836,-0.1680626081878451,2.3921427725855247
37,837,-1.2573202062204296,1.980839220335218
38,838,0.13991163797272646,2.5084338149213745
39,839,-2.956102747430492,1.3393791148812653
40,840,-0.20204281418415526,2.3793118504439454
41,841,-2.5176178621759404,1.5049509605484552
42,842,2.01508477515395,3.216498990505227
43,843,2.552441540432273,3.4194048474704752
44,844,-1.3860758431635478,1.93222110562791
45,845,-0.6159953865752039,2.223003403484187
46,846,2.5459502844657997,3.4169537499133877
47,847,-3.952112335094758,0.9632860013499878
48,848,-0.41101824751105315,2.3004027492215653
49,849,0.5089711713687443,2.6477906551690764
50,850,-0.530124034479109,2.255428416830391
51,851,-0.04461767038997659,2.438755567864886
52,852,0.1776491122360375,2.522683481157799
53,853,0.9285203906627473,2.8062123953994385
54,854,-0.3856168175902242,2.3099943264366742
55,855,-0.060579823533934,2.4327282605488465
56,856,0.25729359654304107,2.5527572298943535
57,857,-0.47813012716986614,2.2750613106566915
58,858,1.2994069353517341,2.9462591149155126
59,859,-0.8384615380767627,2.1390002085252395
60,860,-0.9473892488398995,2.097869116617968
61,861,-0.37604617401901763,2.3136082004232037
62,862,0.9032221830731652,2.7966597949255427
63,863,0.9434036190477454,2.8118323008421537
64,864,-0.23489947130366562,2.3669051802378034
65,865,-5.474420915200221,0.388462444691385
66,866,0.40287897367645803,2.607730252693395
67,867,-3.732255479380427,1.0463039264993905
68,868,-3.430597500870425,1.16020994684748
69,869,0.09981414422544303,2.493293005580792
70,870,0.979758761022342,2.8255599985545445
71,871,-2.375783475331763,1.558507609816381
72,872,-2.903327913209281,1.3593068866258107
73,873,-0.4209172402790119,2.296664890613541
74,874,-0.26348915612752516,2.356109718313086
75,875,-0.622651036802156,2.2204902306719654
76,876,0.34708853225909525,2.5866637879948517
77,877,-1.217852970781002,1.995742044206317
78,878,0.23331210090652987,2.5437018197127874
79,879,0.934563752746665,2.8084943682744865
80,880,-1.9253064516250096,1.728607685677583
81,881,-0.7622086551085853,2.1677932889598273
82,882,-0.34473172152887677,2.325432534326618
83,883,-2.2400225587805793,1.6097709173527388
84,884,-1.9267762162395659,1.7280527027166828
85,885,1.4387228205523936,2.998864778232826
86,886,-0.678856109411175,2.1992672012799
87,887,-0.6445504554359279,2.2122210125434383
88,888,-0.41537318967059567,2.2987583235289653
89,889,-1.1293025574599713,2.0291786707838653
90,890,-1.071641659275046,2.0509514197573306
91,891,1.8876832996646875,3.1683922070177313
92,892,2.2549811814321634,3.3070838477993423
93,893,-1.3686162693827446,1.9388138388159006
94,894,2.0146644513253547,3.216340276272608
95,895,-1.209773074022228,1.9987930123562774
96,896,0.7069862687319922,2.7225611347065146
97,897,2.6281193064163864,3.447980763793532
98,898,1.2249730436557957,2.918152885390329
99,899,0.6793651906681208,2.7121314185905354
100,900,-3.283801613247804,1.2156400582774802
101,901,0.8992347072564812,2.7951541244846148
102,902,-0.7238561725801907,2.1822751822512196
103,903,-1.1249679101609469,2.0308154331393093
104,904,1.0191312899095686,2.8404270612416846
105,905,0.7851009087497565,2.752057214403449
106,906,-1.2764421670515622,1.9736187699752283
107,907,-1.6696822172149182,1.8251313691882949
108,908,-0.9350699917214973,2.1025208667852704
109,909,-0.6683339940648746,2.2032403509067082
110,910,-1.1054950234642515,2.038168393068517
111,911,1.2871000529246934,2.941612037430342
112,912,-0.21301455279711654,2.375168923119845
113,913,-3.710277428111146,1.0546028363026565
114,914,0.23486329052960583,2.5442875487481755
115,915,0.2333288964559077,2.5437081617104322
116,916,-0.21243803319637175,2.3753866168592843
117,917,0.838784887829832,2.7723282791492427
118,918,-1.8195825108547299,1.7685290343789908
119,919,-2.0005173294566565,1.700208066270847
120,920,-1.3461392843171884,1.9473011459671552
121,921,-0.6849197845925238,2.1969775581814397
122,922,-3.5824670174483613,1.102864033667838
123,923,-1.5176758736868836,1.8825289482096264
124,924,-3.339845126524031,1.1944780336721583
125,925,2.5881774288839314,3.432898715118987
126,926,2.1755813164707356,3.2771024673014555
127,927,-1.4092079023206037,1.9234864425699283
128,928,-1.746562473230487,1.7961013927582654
129,929,-0.23168802292802626,2.368117822800182
130,930,-3.8856289141841525,0.9883901339589084
131,931,-0.6069924423839382,2.2264029142457065
132,932,-0.16996101155235843,2.3914259356785905
133,933,-0.15206977865965654,2.398181663300961
134,934,0.9577186113415634,2.8172376403977535
135,935,-0.970941747211732,2.0889756957575565
136,936,0.11368322957603079,2.4985299707224287
137,937,2.643813493917226,3.4539068873114553
138,938,-0.3786249103977464,2.312634469843032
139,939,-1.2353995742200783,1.9891164486286919
140,940,0.7246551885519089,2.729232916936433
141,941,4.759503163825225,4.252791079869923
142,942,-2.890335732294617,1.3642127327464453
143,943,-1.6539054882372777,1.83108866035901
144,944,-0.6676475946114503,2.20349953526674
145,945,-0.8974245268079183,2.1167357903011
146,946,-0.6614506312594362,2.2058395079641553
147,947,0.019160689134182153,2.462838269584262
148,948,-1.2783650864976102,1.9728926757985348
149,949,-0.4390053270012961,2.289834831006223
150,950,-0.25410400641528075,2.359653549838355
151,951,0.8808967316783856,2.788229706872129
152,952,-2.8330209695999655,1.385854780995888
153,953,0.2274982873030629,2.5415065243193506
154,954,-3.362156463239357,1.1860532753201936
155,955,-0.8296827954417241,2.1423150608031616
156,956,1.0594863987121115,2.8556651459995166
157,957,-5.369278827860653,0.4281640855997299
158,958,-0.8147490715239427,2.1479540333536433
159,959,1.4466424948521497,3.001855246399437
160,960,0.873675321583835,2.7855029031945513
161,961,-2.857438372707706,1.3766347721999148
162,962,-0.04934314725438575,2.4369712283074487
163,963,0.9421005549466055,2.81134026397725
164,964,-1.371273532203742,1.9378104566595469
165,965,-1.063188868813515,2.054143192529478
166,966,1.2022858821695719,2.9095862156451613
167,967,-2.241088369742156,1.6093684672479012
168,968,2.3279215963719904,3.334626140661517
169,969,-3.9213075656053484,0.9749178790069631
170,970,1.9986060548088713,3.2102766274694208
171,971,-0.5955612913592717,2.2307193156472183
172,972,0.17807000363616626,2.522842409705369
173,973,2.77830032565407,3.5046891005584992
174,974,2.3240764585410423,3.333174217028744
175,975,-3.0608958396709722,1.299809254484924
176,976,-1.1317680667306074,2.0282476947475723
177,977,0.44101775356124795,2.6221314518894716
178,978,-0.2095428184414361,2.3764798496403854
179,979,-4.232585727119704,0.8573792785876994
180,980,-2.6415308597241625,1.458161425957536
181,981,-5.573803210780157,0.3509357005340357
182,982,1.8614799153654402,3.1584978119152995
183,983,-2.0563551213354447,1.6791237220431452
184,984,-0.04762353914348387,2.437620552145786
185,985,0.9530541082334322,2.815476324524151
186,986,0.18387524568556532,2.525034468480909
187,987,-0.4610730005756723,2.28150207983016
188,988,-0.39356565749853306,2.3069928453394013
189,989,1.216796703538073,2.9150655002383687
190,990,-2.7564093866785946,1.41478330649435
191,991,-0.7239246974769401,2.182249307257553
192,992,-0.8420321143271582,2.1376519593158503
193,993,-0.7421896432641356,2.175352465686283
194,994,-0.78544523034857,2.1590191606401357
195,995,-3.9558768160848343,0.9618645337316817
196,996,0.8561490060842029,2.778884968340685
197,997,-1.814284015187405,1.7705297457749818
198,998,-0.8313145238307705,2.1416989203383765
199,999,-0.4109526771053538,2.300427508599728
200,1000,0.6029288816710162,2.6832690765070875
201,1001,-2.4178779652328983,1.5426127349421792
202,1002,1.2438825658275539,2.9252931189353126
203,1003,-1.4924885610380327,1.8920396747657897
204,1004,1.8167378343793883,3.1416032069312503
205,1005,-4.030234529871191,0.93378706897699
206,1006,1.114958472881837,2.876611395259481
207,1007,1.390778777212853,2.980761112607346
208,1008,0.6637271225921484,2.7062264857614258
209,1009,-0.1385799578654853,2.4032754181867513
210,1010,0.40930790482741275,2.610157816406824
211,1011,-1.0794569559203098,2.048000364581867
212,1012,-2.7284156957052126,1.425353721205017
213,1013,-0.3840795066271931,2.3105748148915177
214,1014,-1.8002290258513782,1.7758369082415915
215,1015,0.8686574869896719,2.7836081693896997
216,1016,0.8826463040643573,2.78889034521752
217,1017,1.426326171119944,2.9941838047360356
218,1018,0.9498523890527405,2.8142673557047413
219,1019,0.3270304832979121,2.579089870857302
220,1020,0.9521863699978288,2.8151486666594074
221,1021,-1.6772300198160748,1.8222813197352112
222,1022,-2.188847787039787,1.6290945056762027
223,1023,4.959997565811842,4.328497744567368
224,1024,0.8444719204251013,2.7744757020475745
225,1025,-3.0512526799386963,1.303450510566099
226,1026,-0.5326709409490137,2.2544667052203797
227,1027,0.2556662254056345,2.5521427347273207
228,1028,0.24384702680660478,2.5476798066033277
229,1029,-0.7939691088593762,2.1558005450282023
230,1030,1.1312163022316666,2.882750349879162
231,1031,1.6705671784006035,3.0864091829029388
232,1032,-1.593332854924926,1.8539608802044576
233,1033,-0.7526623468734829,2.171397973926052
234,1034,-0.6450717870979696,2.212024157763737
235,1035,-3.7609043876680044,1.0354861018011219
236,1036,0.05226398019368455,2.4753380687397066
237,1037,-1.2312890843725817,1.990668569154468
238,1038,0.6522583216659362,2.7018958677611264
239,1039,-2.7726661104002117,1.4086447693597641
240,1040,-1.7132762104406931,1.8086702820194536
241,1041,0.3744615485025347,2.5969998359940276
242,1042,1.3752914455134306,2.9749130978178626
243,1043,-2.392653217824657,1.5521375968594755
244,1044,-0.9810219665270125,2.0851694060246913
245,1045,1.4714027761495925,3.0112047259630854
246,1046,-1.0685011753822988,2.0521372661385766
247,1047,-0.9849071675572086,2.083702354532177
248,1048,-2.0075355348925408,1.6975579926505986
249,1049,-0.2742528048790397,2.3520453656983613
250,1050,0.31336146694428185,2.5739284517474696
251,1051,2.4055558874230036,3.3639408406400984
252,1052,0.3406612984298145,2.584236865189905
253,1053,-3.6922769360289185,1.0613998201832797
254,1054,2.278275224489913,3.3158796759608617
255,1055,-2.110780889410346,1.6585725578524242
256,1056,-0.519452498419519,2.2594579877025187
257,1057,1.3969280869317888,2.983083091298019
258,1058,0.3778218603910695,2.598268689402918
259,1059,-3.5087279014388244,1.130707915968315
260,1060,-0.6217399771893568,2.220834246684094
261,1061,3.42835555306979,3.7501498847457198
262,1062,-1.9201996068319052,1.7305360297240129
263,1063,0.10002006201249912,2.49337076011511
264,1064,1.561810879136872,3.0453428159594678
265,1065,0.7541347815546643,2.7403644080941048
266,1066,-0.8947915304580125,2.117730009440571
267,1067,-1.8928443075414398,1.740865387803645
268,1068,-1.0693407065678486,2.051820259252909
269,1069,-1.7328762210633815,1.8012693201094185
270,1070,-2.335196052954195,1.5738334161552392
271,1071,0.3413012160981173,2.5844784980328583
272,1072,-1.506243320454852,1.8868458790844884
273,1073,-0.8750977548235827,2.1251663770089886
274,1074,-1.5388945972120875,1.8745167604811248
275,1075,0.5377815812483926,2.6586694628511984
276,1076,2.342797066032231,3.340243116410595
277,1077,0.17063138584895432,2.5200335884263265
278,1078,-0.8851534458160789,2.1213693491681767
279,1079,2.866512521529509,3.537998016264848
280,1080,1.3281954787478925,2.9571296658158133
281,1081,1.2596443903795895,2.9312447821965173
282,1082,0.5723333463582988,2.671716205652801
283,1083,-0.5585182875662755,2.2447067499084987
284,1084,1.8075404998963234,3.1381302944163862
285,1085,0.5287348108777149,2.655253403329031
286,1086,0.9906334927708517,2.8296662960970265
287,1087,3.0568255560384885,3.6098601976941644
288,1088,0.5600689105390486,2.667085156002182
289,1089,0.2982184796002265,2.56821046134966
290,1090,0.26682515420575714,2.556356345046026
291,1091,0.987838951934079,2.828611077776632
292,1092,1.099776688767596,2.8708787552054083
293,1093,-2.0230330548662327,1.6917061307698436
294,1094,1.4188047786780742,2.9913437277562673
295,1095,0.039635576265390236,2.470569584770129
296,1096,1.104555229010771,2.8726831314889787
297,1097,0.5587564175209714,2.6665895587792527
298,1098,-3.975435450720603,0.9544791953898719
299,1099,0.8585460368351039,2.779790086895267
300,1100,2.5028949151118565,3.4006960470608103
301,1101,-1.6862805678882213,1.8188638337533742
302,1102,-0.36025773254873644,2.3195699142298842
303,1103,-1.883220398800608,1.7444993747125142
304,1104,0.595369013229233,2.6804144709938766
305,1105,2.5326160784086142,3.4119187551356016
306,1106,1.8992427200696127,3.1727570429234784
307,1107,0.03571589609687161,2.469089513958681
308,1108,-0.9397487521795796,2.100754167337855
309,1109,-0.16776115130691802,2.392256602671447
310,1110,0.6171773632664013,2.6886493016300888
311,1111,0.5334776368462723,2.6570442939063343
312,1112,0.610824017591503,2.6862502789843163
313,1113,-0.03521585724100225,2.442305691502078
314,1114,-0.9643136537789546,2.091478463127252
315,1115,-1.1996542996642847,2.0026138604691193
316,1116,3.443654235970773,3.7559266657691346
317,1117,0.5576664152568899,2.6661779740411826
318,1118,-0.15774082297219108,2.3960402775764753
319,1119,0.7962933830167842,2.756283491486862
320,1120,0.3925556777463517,2.6038321772568294
321,1121,-2.620747025377167,1.4660093995789651
322,1122,3.715638326947368,3.858627829365606
323,1123,-2.1895173105521684,1.6288416936696994
324,1124,-0.483031612225983,2.2732105104249336
325,1125,2.4056403215352935,3.363972722951848
326,1126,-6.503188274770451,0.0
327,1127,-1.8110407589892359,1.7717543989677382
328,1128,3.0529947638571118,3.608413690977131
329,1129,0.842697602419638,2.773805719758916
330,1130,-1.6129788141864723,1.8465425680933154
331,1131,-0.6496092964549217,2.2103107947169667
332,1132,-3.3263686107955843,1.1995667645665573
333,1133,-2.735096842344562,1.4228309209502075
334,1134,-0.38071622946861816,2.311844787986057
335,1135,-1.7682025867088207,1.7879300882286346
336,1136,0.050392063537193776,2.4746312332108826
337,1137,0.011742743672695585,2.4600372541731983
338,1138,1.2811671005005028,2.9393717552309715
339,1139,0.9246471468101339,2.8047498589358977
340,1140,-2.7763735004772023,1.4072448592641191
341,1141,-0.676349952837032,2.2002135257336404
342,1142,-0.8577324573593625,2.1317235114699438
343,1143,-0.3700549519458327,2.315870485235788
344,1144,-0.22869005657515545,2.3692498545736482
345,1145,-1.426839709238941,1.9168286741676672
346,1146,-2.6645640439396234,1.4494640980669011
347,1147,0.07387988159941605,2.483500230793319
348,1148,-2.6866268116307843,1.4411331993518146
349,1149,1.8488696230059907,3.153736166872176
350,1150,-1.8687944584523082,1.7499466082415929
351,1151,-2.4756265627206746,1.5208068707213587
352,1152,0.5661101006404565,2.669366308736867
353,1153,-0.7278657229904364,2.180761176446129
354,1154,-1.08867933760647,2.0445179942457985
355,1155,-0.2527567835699648,2.3601622610403257
356,1156,-1.9977823585962935,1.7012407909745355
357,1157,-0.8008765888148034,2.1531922813375046
358,1158,-3.3812399483501503,1.1788473533880792
359,1159,1.5325464678627618,3.0342925773994653
360,1160,0.844186490524741,2.7743679237477963
361,1161,-0.6465368664033682,2.211470943975073
362,1162,-1.0188961040355133,2.0708681357615326
363,1163,2.419660749290858,3.3692668349693804
364,1164,-2.045220813735885,1.6833280353991578
365,1165,3.8548156001598346,3.911181152811036
366,1166,2.0445388695071425,3.2276208533755577
367,1167,2.503850164284371,3.40105674904595
368,1168,-1.0574474237524012,2.0563111615690803
369,1169,1.101951268815122,2.8716998763982424
370,1170,-3.1628680388111974,1.2613045630208433
371,1171,-0.5409028738058542,2.251358328256087
372,1172,-0.8043889865257315,2.151866000338382
373,1173,1.2213232368611788,2.916774718735936
374,1174,-1.662715530605217,1.8277619893052994
375,1175,-1.466686546433918,1.901782512714366
376,1176,-2.494245806839509,1.513776246138042
377,1177,-2.6330931222975913,1.4613475147052961
378,1178,1.755868339464563,3.1186188921765328
379,1179,-0.5236897566078098,2.2578579994648487
380,1180,-1.9371009413465554,1.7241540876230788
381,1181,3.414747113923871,3.7450113395830247
382,1182,-0.22317485861624686,2.371332392731712
383,1183,-3.817227580878562,1.0142184700825778
384,1184,1.5173638762254624,3.0285596324247726
385,1185,-1.4556624679866221,1.9059452035542999
386,1186,-0.41808206330532094,2.29773545313488
387,1187,-1.1528210767992357,2.0202980804025095
388,1188,1.2691381870684024,2.934829638808492
389,1189,-0.5494591766564519,2.2481274692169246
390,1190,0.8142649366880478,2.763069548226607
391,1191,-1.4215621696548693,1.9188214725488684
392,1192,0.47702240164920245,2.6357268031478385
393,1193,1.1690298293901489,2.89702873368065
394,1194,-1.4603942577358697,1.904158480252225
395,1195,4.842417806444359,4.284099640034582
396,1196,-1.9281112317625109,1.7275486009983305
397,1197,1.4832831406228002,3.015690750314611
398,1198,-0.5066093249384928,2.2643075686321854
399,1199,-1.5427724609793854,1.8730524795382946
400,1200,1.8457907809016587,3.1525735964236272
401,1201,-1.0946757830899414,2.0422537370740503
402,1202,0.8052861930691829,2.7596791755986314
403,1203,1.4331766747718522,2.996770554180632
404,1204,0.9904990340543642,2.8296155245000945
405,1205,0.3784599863203498,2.598509645685408
406,1206,-2.5681845189715515,1.485856996363103
407,1207,0.7424201116403002,2.7359409499902365
408,1208,-1.5189528938116765,1.8820467455473988
409,1209,0.5774962367140359,2.6736657124976735
410,1210,-0.7346989582821457,2.1781809475324923
411,1211,0.4543081593084944,2.6271499076749203
412,1212,0.7808617328967792,2.750456502055798
413,1213,-2.9970325336730004,1.3239240319837065
414,1214,1.164567359409466,2.895343705494315
415,1215,-1.115354407511562,2.0344454907091634
416,1216,-0.3385463421710928,2.327768132909053
417,1217,-4.571181382284627,0.729525595494376
418,1218,-3.9824713922916084,0.9518224246069029
419,1219,2.204276072428273,3.287937604074986
420,1220,0.9508666771026312,2.8146503507636504
421,1221,-0.845963022961183,2.1361676486370302
422,1222,-0.061481062561832125,2.4323879527885235
423,1223,-0.21923612449552968,2.3728196583134675
424,1224,0.8031326263992811,2.7588659890549363
425,1225,0.9067182870343747,2.797979923406518
426,1226,0.8846790963991887,2.7896579273852407
427,1227,-5.971884367243551,0.20062029852716695
428,1228,3.0782297328126385,3.6179424125495867
429,1229,2.649400613762683,3.4560165831661687
430,1230,-3.625873870955802,1.0864736104365784
431,1231,-1.8166520165119782,1.7696355887286694
432,1232,0.8598807096181831,2.7802940591950835
433,1233,-0.36219727800620605,2.31883754207306
434,1234,-0.5283061305768003,2.2561148571490257
435,1235,-0.6736769615834736,2.2012228469444435
436,1236,-2.871910678031991,1.3711700312608743
437,1237,-3.2789116082758505,1.2174865236306887
438,1238,1.6587416678800244,3.0819438713980456
439,1239,0.7347032456415435,2.733027062216342
440,1240,-0.5448416776470602,2.2498710363478818
441,1241,0.8104817735162669,2.7616410262184923
442,1242,-0.6448561173595315,2.212105594633852
443,1243,-0.18863457578954967,2.3843747998244056
444,1244,-1.2099519603969588,1.9987254648803552
445,1245,-1.181656496698839,2.0094098289395337
446,1246,0.0224943102315756,2.464097044553279
447,1247,-0.25405653268445816,2.3596714759140247
448,1248,2.5536486258212325,3.419860642783948
449,1249,2.328023562010223,3.3346646428755835
450,1250,-2.7235976242651416,1.4271730244642975
451,1251,-1.4429498290135845,1.910745494667743
452,1252,1.2637123555875027,2.932780845422945
453,1253,-0.2201844396497975,2.3724615746128745
454,1254,-3.041573037099934,1.307105542664372
455,1255,0.29958612341372826,2.5687268835070287
456,1256,0.26004051252277116,2.553794465073834
457,1257,-1.2054277696608253,2.000433798817333
458,1258,-3.7973182903072686,1.0217362160680519
459,1259,3.9990700476565806,3.9656516167219453
460,1260,0.046079411797211006,2.473002776376175
461,1261,0.6981721703839529,2.719232932115153
462,1262,1.5054744939301785,3.024070202944597
463,1263,-0.6100241163515293,2.225258154480535
464,1264,-2.5095638340769826,1.5079921606952418
465,1265,-1.5393294417498153,1.8743525632302938
466,1266,0.9200905009900094,2.803029269962684
467,1267,1.6605125025857437,3.0826125383930942
468,1268,0.8768560659392229,2.786703951922175
469,1269,0.039287046723712915,2.4704379800525533
470,1270,1.2075188093658775,2.911562168393524
471,1271,-1.4815818861637307,1.8961580340291468
472,1272,0.12119971289319874,2.5013681940172354
473,1273,-1.919249055075465,1.730894957965347
474,1274,0.6476143210772308,2.700142293636661
475,1275,-0.3033473415118609,2.3410592717846983
476,1276,-1.9254465420771882,1.7285547875378575
477,1277,0.8027566611587152,2.758724024620401
478,1278,-1.4646148495058378,1.902564785252326
479,1279,-1.8076062779429545,1.7730512586426428
480,1280,1.4868229221159412,3.0170273714269618
481,1281,-0.4728876195006116,2.277040880990613
482,1282,0.9404816700183254,2.8107289732018734
483,1283,1.7350427337412269,3.110755145687875
484,1284,-0.722053619762469,2.182955826001961
485,1285,-3.0760811294042263,1.2940752907094877
486,1286,0.921093557100299,2.8034080238424037
487,1287,0.020015197605554,2.4631609318914505
488,1288,-2.140197658524416,1.6474647889883853
489,1289,0.23195144938828774,2.543188037845359
490,1290,0.3943427472188736,2.6045069744980824
491,1291,2.847015326855154,3.5306358776458824
492,1292,-3.678919363223991,1.0664436382425082
493,1293,-0.014045847355273627,2.4502994849655355
494,1294,0.005419714250067573,2.457649678941033
495,1295,0.3601840623773682,2.59160865876369
496,1296,-3.688709715379649,1.062746802318043
497,1297,-1.9136886090459757,1.7329945817900103
498,1298,0.03080032014102665,2.467233393004696
499,1299,-2.330913486025559,1.575450512968407
500,1300,-0.7366120555495496,2.1774585622094014
501,1301,0.3978069305672247,2.6058150497590646
502,1302,1.91151340085322,3.177390450671969
503,1303,1.3578938622088907,2.9683437722270636
504,1304,0.08861164116641718,2.489062941626595
505,1305,1.711529893521632,3.1018766997414966
506,1306,2.3941907643890867,3.3596493714008155
507,1307,-0.386789623812825,2.3095514749327433
508,1308,0.23415145431960668,2.5440187594715877
509,1309,-2.0895059164093164,1.6666059853769672
510,1310,0.723734381190452,2.728885220175456
511,1311,0.9128111476232668,2.8002805869117386
512,1312,0.4514890192906615,2.626085400706394
513,1313,2.4078062728555887,3.364790585938205
514,1314,3.2673291469708317,3.6893463310645442
515,1315,-2.842063509571945,1.3824403188718155
516,1316,-3.2168159006313575,1.2409338561806815
517,1317,0.7523556081711589,2.7396925924152176
518,1318,1.5223178859926076,3.030430265981784
519,1319,0.4315969641603995,2.6185741628216053
520,1320,0.7908340054601503,2.7542220311067136
521,1321,2.172857262870542,3.2760738649540357
522,1322,1.5800255401221577,3.0522206699949272
523,1323,-0.7912676551136386,2.156820613673001
524,1324,-1.798078980051196,1.7766487653052585
525,1325,0.17596170774725164,2.522046317403721
526,1326,0.40027229148794474,2.6067459697784456
527,1327,4.0833508231587485,3.9974760285167896
528,1328,-0.0039855402497133985,2.454098255850145
529,1329,-1.709292890320153,1.8101743832699633
530,1330,2.478703252901888,3.3915612780036364
531,1331,3.691070769177411,3.8493511221852756
532,1332,2.620934599458827,3.4452678192165473
533,1333,2.1949042155508804,3.2843987919227318
534,1334,0.323684716539467,2.5778265096879744
535,1335,-2.431407150323331,1.53750411610234
536,1336,-1.7341789114466204,1.8007774243603538
537,1337,3.2809845024476014,3.694502591828739
538,1338,-1.9508099521777382,1.71897756660281
539,1339,0.7161398072593076,2.726017509873183
540,1340,0.3881252777249129,2.602159258683666
541,1341,1.5297285996897185,3.0332285506793952
542,1342,1.057903970938048,2.8550676214416644
543,1343,1.150976788605114,2.8902119074154813
544,1344,0.41028048199966344,2.6105250614428073
545,1345,0.7036534767146837,2.721302672798049
546,1346,2.3478446494400993,3.3421490833643133
547,1347,-0.5681659457589684,2.2410637952091523
548,1348,0.6464046673609265,2.6996855285230583
549,1349,3.019677503192002,3.595833096921547
550,1350,-1.4278614472980347,1.9164428659860824
551,1351,-3.795892206148815,1.0222747052934098
552,1352,-0.032590214127299996,2.4432971340603467
553,1353,1.4502294386386656,3.00320967598871
554,1354,0.28108576530744367,2.561741150269307
555,1355,-0.7012876792977794,2.1907970428953494
556,1356,1.9073180582217075,3.175806289744045
557,1357,2.1286440981216357,3.2593789786844347
558,1358,-3.1120126694221475,1.2805075450505283
559,1359,2.9479927974618616,3.56876495972234
560,1360,-1.6946922534058324,1.8156875822036445
561,1361,-2.471430457259774,1.5223913196935783
562,1362,-1.7865009276865687,1.7810206366369918
563,1363,0.49532685943729016,2.64263856444641
564,1364,-0.23419957753793857,2.367169460048714
565,1365,-2.3291349683337543,1.5761220810581782
566,1366,3.412602563267185,3.7442015574849528
567,1367,1.4884106900530036,3.0176269124297903
568,1368,2.3738314501211737,3.3519616965157404
569,1369,-1.4385737260458058,1.9123979106792646
570,1370,0.6972935747108495,2.7189011744831735
571,1371,-2.046295381451257,1.6829222787450253
572,1372,1.4706141497401435,3.010906940715417
573,1373,3.0487043448875304,3.606793629234144
574,1374,3.5521885181533053,3.796909199086545
575,1375,-0.6704781305870833,2.20243072518577
576,1376,0.38515812186646187,2.60103886094959
577,1377,-3.8877925547465586,0.9875731435144828
578,1378,1.3594254777719663,2.968922110099494
579,1379,-3.4582601592205053,1.1497645300198853
580,1380,1.3623474976232706,2.9700254644821102
581,1381,0.9388296467140785,2.8101051693792845
582,1382,-1.0671133027763506,2.0526613266858047
583,1383,1.1365799690130107,2.88477566988082
584,1384,-0.4265738221044416,2.294528965922636
585,1385,2.9428480649698905,3.5668223092848796
586,1386,0.7492630837176047,2.73852485551307
587,1387,0.04978365680518398,2.474401498894096
588,1388,-0.05847756662772988,2.4335220725312703
589,1389,0.5463697672475472,2.6619123609638384
590,1390,-2.6878317126257034,1.4406782288652968
591,1391,-1.0333788564532316,2.0653994500011317
592,1392,1.3377961731327501,2.960754886986355
593,1393,0.4774097662149363,2.635873071966335
594,1394,2.888583305517917,3.546331941932916
595,1395,-0.6649669799378634,2.204511735080129
596,1396,-0.7667826432031563,2.166066151545642
597,1397,-1.6972952200363085,1.8147047022830107
598,1398,0.38451508432362624,2.600796050042348
599,1399,-1.2571177982377157,1.980915649567793
600,1400,0.5424801085818501,2.660443626268637
601,1401,1.0832593391052363,2.864641805743537
602,1402,-1.485729490417034,1.8945918991077166
603,1403,-0.4001661177667157,2.3045005122496947
604,1404,2.3985014468273858,3.361277084627419
605,1405,0.4498617287220693,2.6254709359621367
606,1406,0.5658787762635943,2.6692789606769614
607,1407,-3.3446995385386997,1.1926450082158053
608,1408,0.4426878352312967,2.6227620745490516
609,1409,0.8205055401830095,2.7654259994373214
610,1410,-1.730922616756271,1.8020070008863596
611,1411,1.4553322888932922,3.005136511697839
612,1412,1.203567806983163,2.910070270317353
613,1413,-4.262383618887506,0.846127597850467
614,1414,1.568525865932861,3.0478783942537966
615,1415,1.520141692866827,3.0296085356907736
616,1416,-0.6481178145810235,2.210873978112666
617,1417,0.48930879607914873,2.6403661443675026
618,1418,1.7458911751280586,3.114851515992606
619,1419,-0.5572834382647907,2.245173028872365
620,1420,4.779397526115012,4.260303188937901
621,1421,0.7436951312417861,2.736422397255077
622,1422,1.6194546310872007,3.0671090905165874
623,1423,1.1445877715189918,2.887799415248654
624,1424,2.209219766898819,3.2898043425771077
625,1425,-0.23602576577393658,2.366479891566566
626,1426,-1.777893444057425,1.7842708215326468
627,1427,1.648845693892391,3.078207152681149
628,1428,0.49422722226925525,2.6422233415696392
629,1429,1.3847755058742912,2.9784942779934465
630,1430,-0.8067176831053883,2.1509866847595362
631,1431,-0.8936427870455409,2.118163774829977
632,1432,-0.9019193927539556,2.115038529401719
633,1433,1.315829456373058,2.9524602570926954
634,1434,-2.276812308275127,1.5958791118874045
635,1435,0.5242879720141231,2.653574277450833
636,1436,-0.05195858750738272,2.4359836383482887
637,1437,-0.6501825033663268,2.210094351848667
638,1438,-0.4598276977041353,2.2819723060609576
639,1439,-1.4069907579755754,1.9243236360369362
640,1440,2.30633561881802,3.3264752778511224
641,1441,3.539384027623699,3.7920742248351873
642,1442,0.532308692675391,2.656602900712719
643,1443,-0.0859541021848949,2.4231469356503283
644,1444,-3.0488541571297234,1.304356192521649
645,1445,0.5882883319778859,2.677740806512406
646,1446,-0.8590989914410432,2.1312075083471913
647,1447,0.7089912714704799,2.7233182235256344
648,1448,-0.5341490531275055,2.2539085702202324
649,1449,0.24981661956206663,2.549933924187858
650,1450,-1.8708234090905476,1.749180476698094
651,1451,0.2756270588944776,2.559679943312936
652,1452,-1.6602972180433568,1.8286751438694184
653,1453,1.8168508351157386,3.141645875997183
654,1454,-0.34424972448049973,2.3256145363604155
655,1455,-0.38145069607414056,2.3115674534745456
656,1456,-1.6857123745929528,1.819078383480758
657,1457,-0.745019776350337,2.1742838077363196
658,1458,0.10586964206312746,2.495579560915161
659,1459,-1.8923856071503118,1.7410385930221628
660,1460,-1.504191665108172,1.8876205839234608
661,1461,0.025877390880179523,2.4653744954435304
662,1462,2.731985059895481,3.4872004611729834
663,1463,1.3636156947862845,2.9705043355949154
664,1464,-2.9465426079812036,1.3429890225124839
665,1465,-2.5097185173109535,1.5079337523226761
666,1466,0.907372796417059,2.7982270660792574
667,1467,2.140170316038827,3.263731277334373
668,1468,-2.8632750913566962,1.3744308278637436
669,1469,2.274930846193427,3.3146168390746213
670,1470,3.644255891508763,3.83167382939608
671,1471,-1.4698093038897166,1.9006033598338115
672,1472,0.3689418329694061,2.5949155920004237
673,1473,-0.6681734667102137,2.20330096601862
674,1474,-0.3698535550206847,2.3159465326931343
675,1475,-2.7813643837333717,1.4053603022816046
676,1476,-0.17623872053933284,2.38905547343807
677,1477,1.2033150743292618,2.9099748384943322
678,1478,0.5332476512123477,2.656957451355619
679,1479,-2.5982887799104364,1.4744896306597122
680,1480,-1.2704571304202805,1.9758787191656135
681,1481,0.7516509778215819,2.739426524070753
682,1482,0.19250820075061081,2.52829427138803
683,1483,-0.3436566055731545,2.3258384979962474
684,1484,3.09346882637801,3.6236966926462633
685,1485,1.146371393506646,2.8884729107199907
686,1486,1.7197292509580246,3.10497277623052
687,1487,-0.01497474204651689,2.449948734429698
688,1488,0.3478829514690526,2.586963760603371
689,1489,1.1947814950524354,2.9067525598741897
690,1490,1.1289478240616413,2.8818937727653378
691,1491,1.5793994985185078,3.0519842767524996
692,1492,-3.2363285020901174,1.2335658999615755
693,1493,1.9933255312670093,3.2082827023460774
694,1494,0.6951322876546094,2.718085072722424
695,1495,-1.06081627985486,2.055039081865928
696,1496,-0.025997414330011816,2.445786574557065
697,1497,-3.0455975899508267,1.3055858719393012
698,1498,1.0167183571750142,2.8395159380997796
699,1499,-1.1595460134886613,2.0177587450294854
700,1500,-3.4599121733721647,1.1491407296533123
701,1501,1.422559301720082,2.9927614352544505
702,1502,0.562448932439136,2.66798385201652
703,1503,1.9319901947398497,3.1851224858484786
704,1504,0.5599359177817393,2.667034937951278
705,1505,-2.3161101126638646,1.5810402651628832
706,1506,-1.5573312391969334,1.867555086444028
707,1507,0.04290222224865335,2.4718030699432294
708,1508,0.8530725128189808,2.777723284813533
709,1509,3.4521759520251902,3.759144464837767
710,1510,-1.3240982329586937,1.955623844597355
711,1511,1.213079758042716,2.913661982017773
712,1512,0.6610367464430927,2.7052106000159464
713,1513,-0.2664301547112607,2.354999197563138
714,1514,0.603823230163042,2.6836067824018035
715,1515,-2.697119402487186,1.4371711981692274
716,1516,-0.22304775040731953,2.371380388777777
717,1517,0.3344982824435965,2.5819097110141755
718,1518,-3.5965920419397523,1.0975304259340701
719,1519,1.2055383449892638,2.9108143452572177
720,1520,0.509497036886024,2.647989221932029
721,1521,-1.4648707319564238,1.902468164066415
722,1522,-1.9887222569681962,1.7046618843780756
723,1523,-0.2625449187162072,2.3564662622583783
724,1524,2.6761831600470827,3.466129669772109
725,1525,1.099705449255921,2.8708518551734366
726,1526,1.7673034112598511,3.1229367740606095
727,1527,-0.33626861457812995,2.328628202603987
728,1528,-0.8919587027999117,2.118799684860595
729,1529,-3.7651209065908393,1.0338939447078639
730,1530,1.9191858893899725,3.180287581520968
731,1531,-0.4348632381300748,2.29139888331997
732,1532,-4.248217516451787,0.8514767166116096
733,1533,-0.206241014177987,2.3777266105763153
734,1534,1.4404441582367675,2.999514755157921
735,1535,2.644144125262271,3.454031733671901
736,1536,3.0242955318583324,3.5975768640509074
737,1537,0.7945299520446211,2.7556176201408102
738,1538,1.5178843469732781,3.028756162123354
739,1539,2.8152657105797405,3.5186472259437975
740,1540,-0.6557641332693446,2.20798672899563
741,1541,-2.146389524288663,1.6451267411395647
742,1542,-1.8050953054289332,1.7739994015947649
743,1543,0.09602802980777189,2.4918633691825454
744,1544,-0.406974671522109,2.301929603081525
745,1545,-1.1817318913103396,2.009381359942313
746,1546,0.08809282258471651,2.488867035785762
747,1547,-1.4627807023934816,1.9032573590053339
748,1548,-1.5352411448093224,1.8758963037167644
749,1549,2.2472117629739103,3.304150116222376
750,1550,1.871921748084708,3.162440646830746
751,1551,2.56135378932215,3.422770111695913
752,1552,1.7639949407846327,3.1216874959638305
753,1553,1.6805774144527008,3.090189046963128
754,1554,-0.8698241552552478,2.1271576876406693
755,1555,0.1536333698302208,2.513615139399815
756,1556,2.1453643204682518,3.265692532850134
757,1557,3.88108108016875,3.9210989952467816
758,1558,0.24520138164945904,2.5481912108468046
759,1559,0.6471096630266636,2.6999517348108655
760,1560,1.39885029083539,2.983808915285961
761,1561,-0.698732899673779,2.1917617274075036
762,1562,0.5021755473214647,2.6452246282573046
763,1563,0.688841923732052,2.715709831979584
764,1564,3.7075212023846853,3.855562804000881
765,1565,1.6294294848419797,3.070875594225102
766,1566,0.23475724617413404,2.5442475064109176
767,1567,0.6035186466927892,2.683491771716087
768,1568,2.530233251341543,3.411018999890511
769,1569,-0.3397327515342632,2.327320144860702
770,1570,-1.102694815559925,2.0392257512730123
771,1571,-2.978865679669679,1.3307838341079008
772,1572,-0.3524004009138606,2.322536841812919
773,1573,-0.3499674215201559,2.32345553457117
774,1574,0.5995186448987248,2.6819813714674425
775,1575,-0.5182839137344225,2.259899245154341
776,1576,-0.9900038159746724,2.081777860636096
777,1577,1.967044015878133,3.1983588049525773
778,1578,0.4202115971410377,2.6142750494555895
779,1579,-4.699039181323364,0.6812465042835152
780,1580,-5.913092541986888,0.22282008544168663
781,1581,1.2764877582792367,2.93760483610984
782,1582,1.1898343139958003,2.9048845048375345
783,1583,1.2328818697666923,2.9211392572819896
784,1584,-1.2805571864409637,1.9720649390949143
785,1585,-3.4210417005386917,1.1638182160283745
786,1586,1.654745990159986,3.080435103919289
787,1587,3.012071407416006,3.5929610359718933
788,1588,0.9743041081449401,2.823500322212768
789,1589,2.7139867372727036,3.4804042964800157
790,1590,-3.062033919661152,1.2993795156026324
791,1591,0.9991195320992624,2.8328706236377434
792,1592,-1.812684858694234,1.7711335870953762
793,1593,-0.1825869063071533,2.386658399172657
794,1594,0.5710529683230261,2.671232735043937
795,1595,-1.6273192199979756,1.841127632396162
796,1596,2.8791976555661045,3.542787921517239
797,1597,-0.06523503230767115,2.430970454214915
798,1598,-0.2421013857182232,2.364185738126901
799,1599,3.0177449487995074,3.5951033645901083
800,1600,-3.6611779175688373,1.0731428062200377
801,1601,1.8452607436928392,3.1523734544303967
802,1602,2.1166359406889312,3.254844699725102
803,1603,1.1265679096371974,2.8809951173337907
804,1604,2.2391228544195516,3.301095745219369
805,1605,2.4276741902661763,3.3722927094226316
806,1606,1.4224090821032482,2.992704712343237
807,1607,-0.7985403243788701,2.1540744545380686
808,1608,3.423020973107497,3.748135547923817
809,1609,1.5993997183972828,3.0595363576347308
810,1610,3.045868590747658,3.605722848774917
811,1611,0.8706217998282856,2.7843498937069886
812,1612,-0.1946501297320791,2.3821033273005647
813,1613,-3.7706660357070194,1.0318001045480238
814,1614,0.8800389689970542,2.787905815775609
815,1615,1.2367598373072912,2.9226035774096073
816,1616,1.8231739333200445,3.1440334772013028
817,1617,3.6335583411851275,3.827634435540637
818,1618,-0.37084959712786786,2.315570427300236
819,1619,0.524202459146554,2.653541987801206
820,1620,1.2369485563050389,2.922674837682926
821,1621,0.31277286985976865,2.5737061975514544
822,1622,-1.2745647621522063,1.97432767786397
823,1623,0.26579594290443787,2.555967714968978
824,1624,-0.3969421760824214,2.3057178722840823
825,1625,2.1064392510624734,3.2509944308152217
826,1626,-3.373170438197256,1.1818943995567726
827,1627,0.6612695055015164,2.705298489811456
828,1628,0.38016835426760315,2.5991547252391567
829,1629,-1.783970975886013,1.7819759461656748
830,1630,-0.24442133181081083,2.3633097267310346
831,1631,-1.886957689678123,1.7430881740777966
832,1632,-4.293514508742449,0.8343725771784258
833,1633,1.6651110860841554,3.084348963029133
834,1634,-0.21020054064345556,2.37623149380741
835,1635,2.2803927726414384,3.31667926191588
836,1636,-0.12016644227022917,2.4102283597016183
837,1637,-3.393569358851251,1.1741917693045578
838,1638,-0.73937236151184,2.176416270973941
839,1639,-1.5801524939660252,1.8589377830896232
840,1640,3.118937413366689,3.633313628362994
841,1641,2.813699833313656,3.5180559508559845
842,1642,2.76489810985856,3.4996284253108128
843,1643,0.1522315359438881,2.51308580707461
844,1644,1.586690805833115,3.054737473612878
845,1645,-1.6380666860559425,1.8370693903647861
846,1646,-0.3779972094992909,2.3128714896350004
847,1647,0.0650962745896722,2.480183541728029
848,1648,-0.43216754144310104,2.2924167780999967
849,1649,2.4703050263350783,3.388390108552287
850,1650,0.34981364326081665,2.5876927896169732
851,1651,2.2409167481691554,3.301773119306917
852,1652,-1.233129249676574,1.9899737229329435
853,1653,-2.5119932524539728,1.5070748125765203
854,1654,-3.7675425202310677,1.032979543656907
855,1655,-2.49845967585363,1.5121850896500302
856,1656,1.9464792706254213,3.1905935593496633
857,1657,-0.9608886311225397,2.0927717513151567
858,1658,-0.4473467799294562,2.2866850992747403
859,1659,-0.6909991795605296,2.194681979293223
860,1660,1.2245314998203551,2.9179861584854003
861,1661,2.9292966982266484,3.5617053146553173
862,1662,0.20531251429588232,2.533129178810121
863,1663,0.2718342577156811,2.558247781994405
864,1664,1.3280560760815185,2.9570770273839346
865,1665,-0.6036471907110342,2.227666080918789
866,1666,-0.0037370256144372872,2.454192094949785
867,1667,-2.9370171249330377,1.3465858438903537
868,1668,0.04533815073817058,2.4727228762797435
869,1669,-1.619347058453988,1.8441379197405678
870,1670,-3.2724491666824402,1.219926740883596
871,1671,1.2071856258128288,2.91143635831961
872,1672,2.49315387868754,3.3970178327512133
873,1673,-0.18571429663549222,2.385477496919928
874,1674,3.1524893807215038,3.645982847639451
875,1675,-0.6129208660100159,2.2241643421200177
876,1676,-2.202894246970645,1.6237905639120707
877,1677,0.8211054738036938,2.7656525343081797
878,1678,0.6380512239205884,2.696531269175463
879,1679,0.5557659486145096,2.6654603580407468
880,1680,3.0422312335239514,3.6043493830771642
881,1681,1.4197959194250709,2.9917179823960844
882,1682,1.8752384064973042,3.1636930166918016
883,1683,1.6778573621475967,3.0891619555043066
884,1684,0.3584094825304834,2.5909385776037386
885,1685,-0.18717250278358558,2.3849268784347255
886,1686,-3.038909039245041,1.3081114679688033
887,1687,2.38111504330547,3.3547119805213397
888,1688,1.0383974296305425,2.8477019535350223
889,1689,0.3375706268828884,2.5830698279451014
890,1690,-1.8404161789035567,1.760662243557092
891,1691,-1.9497852664179811,1.7193644878358492
892,1692,1.8050141037192047,3.137176327490732
893,1693,1.574092798463478,3.049980467380591
894,1694,1.6947601737278815,3.095544455345066
895,1695,-0.27589538768486893,2.351425126606962
896,1696,1.8815210197441732,3.166065330780332
897,1697,1.7623383849704295,3.121061980665968
898,1698,-0.924683112280095,2.106442951348886
899,1699,1.937078979325197,3.1870440103623965
900,1700,2.0255628464374906,3.220455509098659
901,1701,0.47723605524113016,2.635807478721247
902,1702,3.434363012994268,3.752418300969212
903,1703,-4.032396478660846,0.9329707173457737
904,1704,1.4377469655528916,2.998496295489624
905,1705,1.4625134155222839,3.00784810434314
906,1706,-1.3897063835189163,1.9308502139789114
907,1707,-1.9143432298715735,1.732747397036439
908,1708,-2.889387406509394,1.3645708204612863
909,1709,-0.11233713130308111,2.4131847066835226
910,1710,-1.4221508010811112,1.9185992053854202
911,1711,0.7976402019003894,2.756792050152934
912,1712,1.072747615046111,2.8606725798656525
913,1713,0.4839494269457626,2.6383424471572523
914,1714,-0.024905646630028363,2.4461988259235423
915,1715,0.18164623813303124,2.5241927954680183
916,1716,-0.188033738938844,2.3846016757548227
917,1717,-1.1681206233459167,2.014520973266572
918,1718,0.7227589189945547,2.7285168857548534
919,1719,1.0907988333810075,2.8674887179738455
920,1720,2.2308347310403343,3.2979661507198514
921,1721,-1.9523941843549872,1.718379360702508
922,1722,-1.2488542651616883,1.9840359587714624
923,1723,1.916079801688594,3.1791147231378956
924,1724,0.2247158235553834,2.5404558663065027
925,1725,2.294022651775048,3.321825902815628
926,1726,2.709547215230237,3.478727933432691
927,1727,3.5829720635347213,3.808533062522617
928,1728,-2.1054266821791736,1.6605943059289514
929,1729,-5.130655774623702,0.5182681249219656
930,1730,2.227106368804286,3.296558321539195
931,1731,1.0664949960167698,2.8583115915904447
932,1732,1.9422002940687546,3.188977818260566
933,1733,-2.9339757242557214,1.3477342764600746
934,1734,2.1090070730352433,3.251964040116873
935,1735,-4.104750825748439,0.9056497236417775
936,1736,-0.8293981318078874,2.142422549760783
937,1737,-0.38254340763811107,2.3111548457051274
938,1738,2.4251117162764158,3.3713251195187914
939,1739,-1.4095432229851328,1.9233598255229476
940,1740,1.71877781523825,3.104613514204726
941,1741,0.6257552499857898,2.691888310735793
942,1742,0.23842948010835058,2.5456341415508197
943,1743,1.854667109313047,3.1559252970802385
944,1744,0.23791479730877668,2.5454397973808733
945,1745,2.8566009971843447,3.534255425734615
946,1746,3.8336634253158133,3.9031940938574157
947,1747,2.9172489057812796,3.557156069519452
948,1748,-2.7120684586031816,1.4315264361823443
949,1749,2.517101828369783,3.406060575984043
950,1750,0.9385240190888573,2.8099897644207634
951,1751,-0.658108587007382,2.207101463515469
952,1752,-1.886216369861406,1.7433680963611207
953,1753,-1.363515392291549,1.9407399294587298
954,1754,-1.2987449351286169,1.9651972471401564
955,1755,-0.384777780405263,2.310311146787772
956,1756,-2.3709654867417624,1.5603268817914837
957,1757,-1.7099328503253897,1.8099327344405887
958,1758,1.5971471662320715,3.058685794178618
959,1759,0.008802631109194542,2.4589270679843955
960,1760,1.985529721440653,3.2053390053913446
961,1761,1.8291413027040844,3.146286755241023
962,1762,-0.01737249627905575,2.449043342688527
963,1763,-0.6072957276540503,2.226288393760224
964,1764,-0.2240302345644002,2.371009402865384
965,1765,-2.7532270513894437,1.4159849559583917
966,1766,2.769106422212848,3.501217483604666
967,1767,1.6836711577550023,3.091357244102433
968,1768,0.6683092808568682,2.7079567082309834
969,1769,1.761460976021477,3.1207306711409006
970,1770,-1.6440905075326158,1.8347947960209385
971,1771,1.9938360746466948,3.2084754834715175
972,1772,-0.15392187315727568,2.3974823126172016
973,1773,-0.16981449180953775,2.391481261517773
974,1774,-0.08162007039819963,2.424783465588383
975,1775,1.3523109822233699,2.966235677343007
976,1776,-1.2953028866521608,1.9664969642758834
977,1777,-3.8100483049591465,1.0169293639001415
978,1778,-1.3449433454761552,1.9477527323453268
979,1779,0.5303905423171982,2.655878607343088
980,1780,-0.10873630319508513,2.4145443789910983
981,1781,-0.1833256493191058,2.3863794498905357
982,1782,-5.264138957135644,0.4678648895146556
983,1783,-1.95967853219191,1.7156287917401571
984,1784,2.876497011958704,3.5417681587805894
985,1785,0.8703722792452864,2.7842556747615963
986,1786,-0.07886038050209793,2.4258255241973163
987,1787,1.8937572017394446,3.170685711790046
988,1788,-2.640171389497489,1.4586747617693947
989,1789,2.3238593050045435,3.3330922198766406
990,1790,2.2346654849652037,3.2994126429912307
991,1791,2.5852778307985402,3.4318038271927755
992,1792,3.7390612024425467,3.8674723046416877
993,1793,0.9963519640315209,2.8318255902320435
994,1794,-3.0485828065129112,1.3044586544854688
995,1795,-3.7580708744389892,1.0365560360926493
996,1796,-0.19814633376669558,2.3807831610318813
997,1797,1.3075521522729951,2.949334747951826
998,1798,-0.706446442427902,2.188849094490427
999,1799,2.8193426601834863,3.520186681677129
1000,1800,-1.6460603417666324,1.8340509868253376
1001,1801,1.3034332400790996,2.9477794471489527
1002,1802,1.8136877529269362,3.1404514965017687
1003,1803,1.0641047771731285,2.857409045211314
1004,1804,1.3890482324577798,2.980107659093342
1005,1805,1.0564897196075747,2.8545336002908828
1006,1806,-0.7538728333201258,2.1709408943735617
1007,1807,-1.1253121738702423,2.030685439199584
1008,1808,-0.34461888053823336,2.325475143072588
1009,1809,-0.23404187459539272,2.3672290086629135
1010,1810,1.0208859169138345,2.841089608210402
1011,1811,2.7527702523209316,3.4950489476046918
1012,1812,-0.5849752908365258,2.2347165883098032
1013,1813,-1.8491676031123527,1.7573577067139905
1014,1814,0.441461551614889,2.622299029986952
1015,1815,0.28465607720398867,2.5630892996587105
1016,1816,2.1088430658445763,3.251902111019258
1017,1817,1.0676516582829234,2.858748347138152
1018,1818,0.18118847918998843,2.5240199457401964
1019,1819,1.072248594007835,2.8604841495750937
1020,1820,-1.075791568468683,2.049384414490677
1021,1821,1.3240081937135473,2.9555485474357157
1022,1822,-3.082923994703159,1.2914914255061558
1023,1823,-1.833908802315194,1.7631194282592768
1024,1824,-2.029509442531692,1.6892606474816254
1025,1825,3.388804012526237,3.7352152272763406
1026,1826,2.3571585778269277,3.34566602172474
1027,1827,-0.3431651631507043,2.3260240666022827
1028,1828,2.4445826903040313,3.37867735722436
1029,1829,-3.83257601387763,1.008422903427459
1030,1830,1.9602109863749264,3.195778653744657
1031,1831,0.12204105497423157,2.501685884696843
1032,1832,2.9892161384934965,3.5843308888768046
1033,1833,1.1298646409702282,2.882239962731739
1034,1834,-1.5600863964019938,1.8665147393787456
1035,1835,0.2547500127842054,2.551796772939685
1036,1836,0.4756672588681305,2.635215101378975
1037,1837,0.4939186139332581,2.642106811095049
1038,1838,2.9342303813002237,3.5635682728550164
1039,1839,2.413467345121697,3.366928206219028
1040,1840,0.959235506155716,2.817810419716969
1041,1841,-4.13847348067587,0.8929160527561979
1042,1842,-0.1758010501857865,2.389220737716651
1043,1843,-3.4875066524779266,1.138721057301064
1044,1844,-1.0788377099312305,2.0482341918009612
1045,1845,-0.998442651912746,2.0785913570905103
1046,1846,-1.2315191304627735,1.990581703775472
1047,1847,-1.1386867989104574,2.0256351822181387
1048,1848,0.7353280802696983,2.7332629997049525
1049,1849,0.48985663096828047,2.640573006762912
1050,1850,1.1632152847949866,2.8948331622648276
1051,1851,0.24271371616040394,2.5472518686248113
1052,1852,1.3114126149408813,2.950792458241384
1053,1853,3.0377292839342505,3.6026494473946955
1054,1854,2.0898741781234746,3.244739461049207
1055,1855,0.5981892055733636,2.6814793753207
1056,1856,-2.495372201205304,1.5133509197462658
1057,1857,-2.4792100202683436,1.5194537575355003
1058,1858,-1.0222555228839374,2.069599619564493
1059,1859,-0.9928784380417114,2.080692403651737
1060,1860,1.490730939958466,3.0185030385453655
1061,1861,0.3117630711012319,2.5733248976484795
1062,1862,2.5532568631340187,3.4197127132352523
1063,1863,-2.3067953969382944,1.5845575008223354
1064,1864,-3.638469609580384,1.0817174608821807
1065,1865,-0.24315113992219206,2.3637893510520143
1066,1866,3.3166360256583722,3.7079646031713356
1067,1867,1.1973134570387665,2.9077086284488054
1068,1868,5.329543253043385,4.468038156451249
1069,1869,1.1856344576485989,2.90329863953105
1070,1870,-1.5837497876179938,1.8575794453922643
1071,1871,-2.514008231547955,1.5063139566866353
1072,1872,-0.19834814737768697,2.3807069562340053
1073,1873,-0.765007573016371,2.166736417857887
1074,1874,0.8787287009195602,2.7874110586900067
1075,1875,-0.5726048524133557,2.2393876645322996
1076,1876,0.6851050947547471,2.714298805758336
1077,1877,-1.4313658665238485,1.9151195976620836
1078,1878,2.7672723711786897,3.5005249461307755
1079,1879,-2.3191484868563546,1.5798929753935083
1080,1880,-0.5814806528082321,2.236036163254667
1081,1881,0.08108901918330075,2.486222400372185
1082,1882,-0.6549457949883224,2.208295733442819
1083,1883,-1.6079207674840628,1.84845248598593
1084,1884,3.842268394116456,3.906443329154099
1085,1885,2.07307843611219,3.2383973906662247
1086,1886,0.7352171590680642,2.733221115871106
1087,1887,-0.7656286030136987,2.1665019169974697
1088,1888,0.07987778261889253,2.4857650375753066
1089,1889,-0.9316814983237992,2.1038003615289997
1090,1890,1.7493919185555968,3.116173396335569
1091,1891,3.1565952591268513,3.647533226885166
1092,1892,-0.2744846133158309,2.3519578348574783
1093,1893,-0.314052119579863,2.337017148733757
1094,1894,0.574237001962483,2.672435025804872
1095,1895,0.8010562942459615,2.758081966256422
1096,1896,-0.5329994744242379,2.254342651015353
1097,1897,-0.08041291747617503,2.4252392864023347
1098,1898,-1.1524806244897743,2.020426635158066
1099,1899,-1.5633913547478637,1.865266787461632
1100,1900,-0.25289606380487756,2.360109668838554
1101,1901,1.6005558673356806,3.0599729193499323
1102,1902,-1.0152955151538354,2.0722277177372765
1103,1903,-0.13618336973967982,2.4041803696061446
1104,1904,-0.497109998927199,2.2678945131157366
1105,1905,2.3102897692984112,3.3279683646486395
1106,1906,3.326380120636473,3.7116439723905135
1107,1907,3.844356190492889,3.907231680842031
1108,1908,1.6912045348862483,3.0942018464996246
1109,1909,0.635154904167946,2.695437619147346
1110,1910,0.1841332381438475,2.5251318864054997
1111,1911,1.6116262713108136,3.064153102704212
1112,1912,-0.18968923076945404,2.3839765622170512
1113,1913,1.2050333958534325,2.9106236765176576
1114,1914,4.042023784278377,3.9818709430657586
1115,1915,2.5996902394655703,3.4372459511604574
1116,1916,1.1169374006799095,2.877358638183895
1117,1917,0.8451898881754174,2.774746806593129
1118,1918,-1.5548886767591377,1.8684773977587004
1119,1919,0.029507682914746897,2.466745293326621
1120,1920,0.49376013615497516,2.6420469699029576
1121,1921,1.632466364073651,3.0720223194974325
1122,1922,0.6680428371213858,2.707856099105028
1123,1923,0.6691302131763616,2.7082666921868213
1124,1924,-3.738838734257417,1.0438180901635543
1125,1925,1.4159918745951456,2.9902815754760925
1126,1926,-0.013417005067488278,2.4505369357459923
1127,1927,-0.22645407612364749,2.3700941605524446
1128,1928,-1.2619007233833521,1.9791096175455234
1129,1929,-2.1897123772153613,1.6287680365185888
1130,1930,0.23324678156764062,2.543677155137425
1131,1931,-3.228629466482432,1.2364730549817124
1132,1932,1.380336015777343,2.976817927008746
1133,1933,-1.4524603100693743,1.9071543380405862
1134,1934,-4.706872649529996,0.6782885875284272
1135,1935,0.7962454935705047,2.7562654084370806
1136,1936,-0.2532123247157908,2.3599902487524957
1137,1937,1.4792808602134369,3.0141794896610743
1138,1938,2.2581875659091155,3.3082945782341198
1139,1939,-1.5913761600540028,1.8546997279779631
1140,1940,0.6790001932282942,2.7119935955963834
1141,1941,4.380547502850971,4.10969746290953
1142,1942,2.6750449802446803,3.4656998932007332
1143,1943,0.864771481724111,2.782140814217998
1144,1944,1.030575022474628,2.8447482134314996
1145,1945,1.358258551883497,2.968481479009101
1146,1946,0.002725147866091411,2.4566322109632974
1147,1947,-0.6485094761030893,2.2107260867639194
1148,1948,-0.9436366953610436,2.0992860804093154
1149,1949,-0.12483489527047271,2.408465552349178
1150,1950,-1.1402655019674421,2.025039064113056
1151,1951,-1.2467591435626222,1.9848270764626759
1152,1952,2.530191971862427,3.4110034127636215
1153,1953,0.6967808786244474,2.718707580495908
1154,1954,-0.9234550496603102,2.10690666766247
1155,1955,-1.1764763423945361,2.0113658546495334
1156,1956,0.17060836939971213,2.5200248974175605
1157,1957,0.9937093958918533,2.8308277567857845
1158,1958,2.1079728720282587,3.2515735259275007
1159,1959,-3.4237684049890347,1.162788612720224
1160,1960,-1.9183398947963428,1.731238256789283
1161,1961,-2.899630946879294,1.3607028607157048
1162,1962,1.4343689116586436,2.9972207427012787
1163,1963,1.1049108523818725,2.872817414835785
1164,1964,-0.7774901417546203,2.1620230012404376
1165,1965,1.52328321845685,3.0307947754168
1166,1966,-1.0614173626592123,2.0548121130634396
1167,1967,1.1485637999738623,2.8893007631669887
1168,1968,-1.1859298149838577,2.0077962244132035
1169,1969,3.0021784368928848,3.589225451362874
1170,1970,-0.17206375214677877,2.3906319410555477
1171,1971,0.879699896076749,2.7877777818772502
1172,1972,-2.3280213379156867,1.5765425877846608
1173,1973,1.5099915901105088,3.025775857978064
1174,1974,-0.4594381459007626,2.282119400780152
1175,1975,0.6128372126608338,2.6870104612266843
1176,1976,-1.0560847960799196,2.0568256896321375
1177,1977,-0.920029227480288,2.1082002577504033
1178,1978,3.418227822190996,3.746325654651565
1179,1979,1.4288979492947032,2.9951549078991335
1180,1980,2.581715629549922,3.4304587403831603
1181,1981,-1.3406841433830121,1.9493610065991172
1182,1982,1.683947832546833,3.0914617164741687
1183,1983,5.067798381016451,4.369203320832542
1184,1984,0.9841434754393463,2.82721566624837
1185,1985,-1.4962834447242148,1.8906067270926932
1186,1986,-0.6765060880579162,2.200154569090972
1187,1987,-1.1566161573099192,2.0188650584085024
1188,1988,-0.00555514233826556,2.4535055742697667
1189,1989,-1.7554529026563113,1.792744367560115
1190,1990,-1.1928235794506794,2.005193139689533
1191,1991,0.9364495837696556,2.809206457866609
1192,1992,-1.1096596677929784,2.0365958238164334
1193,1993,1.7813014129020759,3.128222417980149
1194,1994,-1.7526518184244357,1.7938020566657988
1195,1995,4.515117388599774,4.1605110373425855
1196,1996,-0.10926903145016727,2.4143432208590876
1197,1997,-1.4438424134041286,1.910408454897557
1198,1998,5.414187989861554,4.5
1199,1999,0.7904654683616087,2.7540828715378116
1200,2000,-1.0814928610172874,2.0472316070354943
